{
	"base_damage":255,
	"base_damage_to_self":0,
	"attack_type":"generic.swarm",
	"swarm":{
		"amount":9,
		"amount_variation":[-2,2],
		"duration":[1.1,1.32],
		"delay":0.3,
		"spin_speed":15
	},
	"start_x":[290,350],
	"start_y":190,
	"can_crit":false,
	"crit_damage_multiplier":2,
	"poison_enemy":false,
	"is_enemy_attack":false,
	"color":"blaze_orange",
	"damage_variation":[-2,2],
	"screen_shake_duration":0,
	"screen_shake_on_hit_duration":0.1,
	"sound_override":null,
	"hit_sound_override":"fwb:sound_effects/hollow"
}