{
	"attacks":[
		"fwb:cold_attacks",
		"fwb:jumpscares",
		"fwb:warm_attacks",
		"fwb:healing_attacks",
		"fwb:prize_ball_list",
		"fwb:prize_ball_2_list",
		"fwb:prize_ball_3_list"
	],
	"characters":[
		"fwb:freddy_characters",
		"fwb:bonnie_characters",
		"fwb:chica_characters",
		"fwb:foxy_characters",
		"fwb:mangle_characters",
		"fwb:fredbear_characters",
		"fwb:from_fnaf_1",
		"fwb:from_fnaf_2",
		"fwb:is_withered",
		"fwb:is_phantom",
		"fwb:is_nightmare",
		"fwb:is_halloween",
		"fwb:from_minecraft",
		"fwb:from_tf2",
		"fwb:from_roblox",
		"fwb:pm_unique_characters",
		"fwb:in_fnaf_world",
		"fwb:in_world_mode",
		"fwb:original_characters",
		"fwb:classic_characters",
		"fwb:spring_animatronics",
		"fwb:weak_to_warm_attacks",
		"fwb:weak_to_cold_attacks",
		"fwb:in_mystery_box",
		"fwb:in_mystery_box_2",
		"fwb:in_mystery_box_3",
		"fwb:cant_be_chosen_in_random",
		"fwb:new_sorting",
		"fwb:classic_sorting"
	],
	"enemies":[
		"fwb:is_boss",
		"fwb:weak_to_cold_attacks",
		"fwb:weak_to_warm_attacks"
	],
	"chips":[],
	"bytes":[],
	"areas":[],
	"tiles":[],
	"buildables":[],
	"levels":[]
}