{
	"characters":{
		"singular":"character",
		"plural":"characters"
	},
	"attacks":{
		"singular":"attack",
		"plural":"attacks"
	},
	"enemies":{
		"singular":"enemy",
		"plural":"enemies"
	},
	"chips":{
		"singular":"chip",
		"plural":"chips"
	},
	"bytes":{
		"singular":"byte",
		"plural":"bytes"
	},
	"areas":{
		"singular":"area",
		"plural":"areas"
	},
	"buildables":{
		"singular":"buildable",
		"plural":"buildables"
	},
	"tiles":{
		"singular":"tile",
		"plural":"tiles"
	},
	"levels":{
		"singular":"level",
		"plural":"levels"
	},
	"entities":{
		"singular":"entity",
		"plural":"entities"
	}
}