{
	"music":[
		{
			"external":"https://notembin.github.io/games/fwb/music/title_screen_theme.ogg",
			"name":"title_theme",
			"loop":true
		},
		{
			"external":"https://notembin.github.io/games/fwb/music/battle_theme.ogg",
			"name":"battle",
			"loop":true
		},
		{
			"external":"https://notembin.github.io/games/fwb/music/challenger_music.ogg",
			"name":"challenger_battle",
			"loop":true,
			"load_on_use":true
		},
		{
			"external":"https://notembin.github.io/games/fwb/music/victory_music.ogg",
			"name":"victory",
			"loop":true
		},
		{
			"external":"https://notembin.github.io/games/fwb/music/scott_boss_battle.mp3",
			"name":"final_boss",
			"loop":true,
			"load_on_use":true
		}
	],
	"sound_effects":[
		{
			"file":"attack5.wav",
			"name":"attack_blast",
			"loop":false
		},
		{
			"file":"death.wav",
			"name":"death",
			"loop":false
		},
		{
			"file":"honk.wav",
			"name":"freddy_nose",
			"loop":false
		},
		{
			"file":"guitar1.wav",
			"name":"guitar_1",
			"loop":false
		},
		{
			"file":"guitar2.wav",
			"name":"guitar_2",
			"loop":false
		},
		{
			"file":"attacks/gloom.wav",
			"name":"gloom_song",
			"loop":false
		},
		{
			"file":"attacks/bad_pizza.wav",
			"name":"bad_pizza",
			"loop":false,
			"volume":75
		},
		{
			"file":"attacks/4th_wall.wav",
			"name":"4th_wall",
			"loop":false
		},
		{
			"file":"loop_test.wav",
			"name":"loop",
			"loop":true
		},
		{
			"file":"bamboo_whoosh.mp3",
			"name":"woosh",
			"loop":false
		},
		{
			"file":"ukulele_a_minor.wav",
			"name":"ukulele.1",
			"loop":false
		},
		{
			"file":"ukulele_c_major.wav",
			"name":"ukulele.2",
			"loop":false
		},
		{
			"file":"ukulele_f_major.wav",
			"name":"ukulele.3",
			"loop":false
		},
		{
			"file":"ukulele_g.wav",
			"name":"ukulele.4",
			"loop":false
		},
		{
			"file":"ui/gun_empty.mp3",
			"name":"ui_hover",
			"loop":false
		},
		{
			"file":"attacks/alarm.wav",
			"name":"alarm",
			"loop":false
		},
		{
			"file":"attacks/antiv.wav",
			"name":"anti_virus",
			"loop":false
		},
		{
			"file":"shock.wav",
			"name":"shock",
			"loop":false
		},
		{
			"file":"attacks/jumpscares/fnaf2scream.mp3",
			"name":"jumpscare_2",
			"loop":false
		},
		{
			"file":"attacks/jumpscares/fnaf3scream.mp3",
			"name":"jumpscare_3",
			"loop":false
		},
		{
			"file":"attacks/jumpscares/fnaf4scream.mp3",
			"name":"jumpscare_4",
			"loop":false
		},
		{
			"file":"attacks/jumpscares/jumpscareshort.mp3",
			"name":"jumpscare",
			"loop":false
		},
		{
			"file":"ex2.wav",
			"name":"hollow",
			"loop":false
		},
		{
			"file":"pizza2.wav",
			"name":"hit",
			"loop":false
		},
		{
			"file":"pow.wav",
			"name":"pow",
			"loop":false
		},
		{
			"file":"attacks/mic.wav",
			"name":"mic_toss",
			"loop":false
		},
		{
			"file":"dde_scream.ogg",
			"name":"dde_scream",
			"loop":false
		},
		{
			"file":"attacks/bite1.wav",
			"name":"bite",
			"loop":false
		},
		{
			"file":"attacks/biteb.wav",
			"name":"bite_hit",
			"loop":false
		},
		{
			"file":"ui/popup_in.ogg",
			"name":"popup_in",
			"loop":false
		},
		{
			"file":"ui/popup_out.ogg",
			"name":"popup_out",
			"loop":false
		},
		{
			"file":"cheer.wav",
			"name":"cheer",
			"loop":false
		},
		{
			"file":"crit_hit.wav",
			"name":"crit",
			"loop":false
		},
		{
			"file":"attacks/chainsaw_rev_02.wav",
			"name":"buzzsaw",
			"loop":false
		},
		{
			"file":"attacks/unscrew1b.wav",
			"name":"unscrew",
			"loop":false,
			"volume":75
		},
		{
			"file":"dead.wav",
			"name":"game_over",
			"loop":false
		},
		{
			"file":"poof.wav",
			"name":"poof",
			"loop":false
		},
		{
			"file":"sparkle.wav",
			"name":"sparkle",
			"loop":false
		},
		{
			"file":"sparkle2.wav",
			"name":"sparkle_2",
			"loop":false
		},
		{
			"file":"attacks/open_prize_ball.wav",
			"name":"open_prize_ball",
			"loop":false
		},
		{
			"file":"attacks/funny_horn.wav",
			"name":"funny_horn",
			"loop":false
		},
		{
			"file":"ddededodediamante.wav",
			"name":"ddededodediamante",
			"loop":false
		},
		{
			"file":"joe.wav",
			"name":"joe",
			"loop":false
		},
		{
			"file":"joehurt.wav",
			"name":"joe_death",
			"loop":false
		},
		{
			"file":"joe_win.wav",
			"name":"joe_win",
			"loop":false
		}
	]
}
	