{
	"music":[
		{
			"file":"title_screen_theme.ogg",
			"name":"title_theme",
			"loop":true
		},
		{
			"file":"battle_theme.ogg",
			"name":"battle",
			"loop":true
		},
		{
			"file":"challenger_music.ogg",
			"name":"challenger_battle",
			"loop":true
		},
		{
			"file":"victory_music.ogg",
			"name":"victory",
			"loop":true
		},
		{
			"file":"city_theme.ogg",
			"name":"dialogue_music",
			"loop":true
		},
		{
			"file":"black_lava.wav",
			"name":"geist_lair",
			"loop":true
		},
		{
			"file":"scott_boss_battle.mp3",
			"name":"final_boss",
			"loop":true
		},
		{
			"file":"hurt2.mp3",
			"name":"music_test",
			"loop":true
		}
	],
	"sound_effects":[
		{
			"file":"attack5.wav",
			"name":"attack_blast",
			"loop":false
		},
		{
			"file":"death.wav",
			"name":"death",
			"loop":false
		},
		{
			"file":"honk.wav",
			"name":"freddy_nose",
			"loop":false
		},
		{
			"file":"guitar1.wav",
			"name":"guitar_1",
			"loop":false
		},
		{
			"file":"guitar2.wav",
			"name":"guitar_2",
			"loop":false
		},
		{
			"file":"gloom.wav",
			"name":"gloom_song",
			"loop":false
		},
		{
			"file":"bad_pizza.wav",
			"name":"bad_pizza",
			"loop":false
		},
		{
			"file":"4th_wall.wav",
			"name":"4th_wall",
			"loop":false
		},
		{
			"file":"loop_test.wav",
			"name":"loop",
			"loop":true
		}
	]
}
	