{
	"engine:master_volume":50,
	"engine:music_volume":50,
	"engine:sound_effects_volume":50,
	"engine:graphics_level":1,
	"engine:screen_shake":true,
	"engine:contrast":false,
	"engine:background":1,
	"engine:effects":true,
	"engine:max_framerate":60,
	"engine:turbo_mode":false,
	"engine:selected_resource_packs":[],
	"engine:animated_text_resolution":100,
	"engine:animated_text_resolution_type":1,
	"engine:menu_button_color":null,
	"engine:screen_shake_intensity":30,
	"engine:popup_duration":40,
	"engine:show_debug_controls":false
}