{
	"title":"FNAF World Battle",
	"author":"Embin",
	"base_width":640,
	"base_height":360,
	"engine_options":{
		"clone_limit":10,
		"title_screen_menu":"menu.fwb.title_screen",
		"support_mobile":false,
		"do_special_date_logs":true,
		"crash_on_leap_day":true,
		"disregard_save_data_from_previous_versions":false,
		"has_splash_screen":false,
		"has_warning_screen":true,
		"allow_custom_menu_button_colors":true,
		"allow_resource_packs":false,
		"use_custom_mouse_texture":true,
		"show_packager_warning":false,
		"enable_camera":true,
		"blur_menu_background":false,
		"gamedata_zip_name":"gamedata.zip",
		"framerate_cap":60,
		"show_game_title_with_version_on_title_screen":true
	}
}