{
	"fwb/assets/textures/character_icons/":{
		"prefix":"",
		"suffix":"/icon",
		"apply_to_sub_directories":true
	},
	"fwb/assets/textures/attack_buttons/":{
		"prefix":"",
		"suffix":"_attack_button",
		"apply_to_sub_directories":false
	},
	"fwb/assets/textures/backgrounds/":{
		"prefix":"background/",
		"suffix":""
	},
	"fwb/assets/textures/enemies/":{
		"prefix":"enemy/",
		"suffix":"",
		"apply_to_sub_directories":true
	},
	"fwb/assets/textures/attacks/":{
		"prefix":"attack/",
		"suffix":"",
		"apply_to_sub_directories":true
	}
}