{
	"button_settings": "menu.settings",
	"button_backsettings": "menu.title_screen",
	"button_resource_packs": "menu.resource_pack_menu",
	"button_backsettings": "menu.fwb.mode_selection",
	"button.fwb.return_to_title.credits": "menu.trigger_return_to_title_sequence",
	"button_quit": "!quit_game",
	"button_controls": "menu.controls",
	"button_audio_settings": "menu.audio_settings",
	"button_video_settings": "menu.video_settings",
	"button_effect_settings": "menu.effect_settings",
	"button_advanced_settings": "menu.advanced_settings",
	"button.tag_viewer": "menu.tag_viewer",
	"button.reset_settings": "trigger.reset_settings",
	"button.import_settings": "trigger.import_settings",
	"button.export_settings": "trigger.export_settings",
	"button.changelogs": "menu.changelogs",
	"button.fwb.start_button": "menu.fwb.mode_selection",
	"button.fwb.normal_mode": "menu.fwb.normal_mode",
	"button.fwb.mode_selection": "menu.fwb.mode_selection",
	"button.fwb.credits": "menu.credits",
	"button.fwb.character_selection.reset_scroll": "!reset_cameras",
	"button.fwb.settings": "menu.settings",
	"button.fwb.normal_mode.cancel_party": "menu.fwb.normal_mode.cancel_party",
	"button.fwb.normal_mode.confirm_party": "menu.fwb.battle",
	"button.fwb.tag_viewer": "menu.tag_viewer",
	"button.fwb.in_battle.detonate_stickybombs": "attack.stickybomb.detonate",
	"button.fwb.single_character_mode": "menu.fwb.classic_mode",
	"button.fwb.in_battle.detonate_stickybombs":"attack.stickybomb.detonate",
	"button.fwb.atlas_testing":"menu.example",
	"button.fwb.byte_menu.normal_mode":"menu.fwb.byte_selection",
	"button.fwb.byte_menu.classic_mode":"menu.fwb.byte_selection.classic_mode",
	"button.fwb.byte_menu.endless_mode":"menu.fwb.byte_selection.endless_mode",
	"button.fwb.attack_gallery":"menu.fwb.attack_gallery",
	"button.fwb.endless_mode.cancel_party": "menu.fwb.endless_mode.cancel_party",
	"button.fwb.endless_mode.confirm_party": "menu.fwb.battle",
	"button.fwb.endless_mode": "menu.fwb.endless_mode"
}