{
	"button.fwb.start_button": "menu.fwb.mode_selection",
	"button.fwb.normal_mode": "menu.fwb.normal_mode",
	"button.fwb.mode_selection": "menu.fwb.mode_selection",
	"button.fwb.credits": "menu.credits",
	"button.fwb.return_to_title.credits": "menu.trigger_return_to_title_sequence",
	"button.fwb.character_selection.reset_scroll": "!reset_cameras",
	"button.fwb.settings": "menu.settings",
	"button_backsettings": "menu.fwb.mode_selection",
	"button.fwb.normal_mode.cancel_party": "menu.fwb.normal_mode.cancel_party",
	"button.fwb.normal_mode.confirm_party": "menu.fwb.battle",
	"button.fwb.tag_viewer": "menu.tag_viewer",
	"button.fwb.in_battle.detonate_stickybombs": "attack.stickybomb.detonate",
	"button.fwb.single_character_mode": "menu.fwb.classic_mode",
	"button.fwb.in_battle.detonate_stickybombs":"attack.stickybomb.detonate"
}