{
	"base_damage":65,
	"base_damage_to_self":0,
	"attack_type":"generic.swarm",
	"swarm":{
		"amount":50,
		"amount_variation":[-5,10],
		"delay":0.05
	},
	"start_x":170,
	"random_textures":[
		"fwb:attack/balloon/red",
		"fwb:attack/balloon/blue",
		"fwb:attack/balloon/yellow",
		"fwb:attack/balloon/green"
	],
	"can_crit":false,
	"screen_shake_duration":2.5,
	"crit_damage_multiplier":5,
	"poison_enemy":false,
	"is_enemy_attack":false,
	"color":"blaze_orange",
	"damage_variation":[-2,3]
}